variant,reg_mean,reg_std,y_text_mean,r_a_mean,r_v_mean,|reg-y_text|,total_params_M,trainable_params_M
F0,-0.4609205424785614,0.005666343495249748,-0.46893197298049927,0.12205487489700317,0.05819062888622284,0.00801142305135727,359.514893,4.155149
A1,0.04391788691282272,0.007773903664201498,0.04391788691282272,0.0,0.0,0.0,357.590786,2.231042
A2,0.20005837082862854,0.017743581905961037,0.18978895246982574,0.1565888226032257,0.1426018625497818,0.010269418358802795,359.514893,4.155149
A3,-0.029137330129742622,0.007943623699247837,-0.018923386931419373,0.16400612890720367,0.07696869969367981,0.010213944129645824,359.514893,4.155149
A4,0.09150741994380951,0.015896039083600044,0.1295580118894577,1.0,1.0,0.03805059194564819,359.514893,4.155149
A5,-0.2959185838699341,0.004251233767718077,-0.2981794476509094,0.19553910195827484,0.11821013689041138,0.002260833978652954,359.514893,4.155149
