variant,mode,total_params_M,trainable_params_M,has_audio_branch,has_vision_branch,has_ta_fusion,reg_mean,reg_std,y_text_mean,r_a_mean,r_v_mean,delta_a_abs_mean,delta_v_abs_mean,|reg-y_text|,pred_constant,nonzero_grads
F0,canonical_mosi_text_anchored_tav,359.514893,4.155149,True,True,True,-0.4609205424785614,0.005666343495249748,-0.46893197298049927,0.12205487489700317,0.05819062888622284,0.08107312023639679,0.10512480139732361,0.00801142305135727,False,118
A1,text_only,357.590786,2.231042,False,False,False,0.04391788691282272,0.007773903664201498,0.04391788691282272,0.0,0.0,0.0,0.0,0.0,False,58
A2,canonical_mosi_text_anchored_tav_no_audio_corr,359.514893,4.155149,True,True,True,0.20005837082862854,0.017743581905961037,0.18978895246982574,0.1565888226032257,0.1426018625497818,0.23982468247413635,0.1440000832080841,0.010269418358802795,False,90
A3,canonical_mosi_text_anchored_tav_no_vision_corr,359.514893,4.155149,True,True,True,-0.029137330129742622,0.007943623699247837,-0.018923386931419373,0.16400612890720367,0.07696869969367981,0.12454329431056976,0.056576117873191833,0.010213944129645824,False,90
A4,canonical_mosi_text_anchored_tav_no_gate,359.514893,4.155149,True,True,True,0.09150741994380951,0.015896039083600044,0.1295580118894577,1.0,1.0,0.09223982691764832,0.1683410108089447,0.03805059194564819,False,104
A5,canonical_mosi_text_anchored_tav_no_interaction,359.514893,4.155149,True,True,True,-0.2959185838699341,0.004251233767718077,-0.2981794476509094,0.19553910195827484,0.11821013689041138,0.051574792712926865,0.12368139624595642,0.002260833978652954,False,118
